timestamp,temperature,humidity,door_status,gps_lat,gps_lon,external_temp,wind_speed
2025-06-14 07:24:53.661503,6.75,82.61,closed,49.239698,-123.054965,18.11,18.04
2025-06-14 07:19:53.661513,5.79,79.98,open,49.24472,-123.025117,9.31,4.07
2025-06-14 07:14:53.661515,6.97,72.46,closed,49.260059,-123.034885,20.2,1.34
2025-06-14 07:09:53.661517,8.28,94.53,closed,49.251568,-123.037907,14.62,17.55
2025-06-14 07:04:53.661518,5.65,81.2,closed,49.291939,-123.064763,18.35,7.79
2025-06-14 06:59:53.661520,5.65,68.3,closed,49.249696,-123.015855,9.64,10.84
2025-06-14 06:54:53.661522,8.37,63.56,closed,49.299216,-123.052871,7.23,19.36
2025-06-14 06:49:53.661524,7.15,65.35,closed,49.285142,-123.00209,19.09,1.33
2025-06-14 06:44:53.661526,5.3,68.61,closed,49.220851,-123.036586,16.88,12.97
2025-06-14 06:39:53.661528,6.81,65.62,closed,49.29306,-123.087374,10.49,1.48
2025-06-14 06:34:53.661529,5.3,66.53,open,49.211637,-123.032382,10.65,7.51
2025-06-14 06:29:53.661531,5.3,69.98,closed,49.281745,-123.06749,20.63,16.08
2025-06-14 06:24:53.661532,6.36,66.07,closed,49.238062,-123.031367,9.05,8.67
2025-06-14 06:19:53.661533,3.13,91.39,closed,49.287797,-123.093036,23.21,19.94
2025-06-14 06:14:53.661535,3.41,62.81,closed,49.286806,-123.082512,10.5,11.18
2025-06-14 06:09:53.661536,5.16,78.36,closed,49.280593,-123.014426,18.19,6.42
2025-06-14 06:04:53.661537,4.48,74.36,closed,49.279003,-123.077282,13.36,4.4
2025-06-14 05:59:53.661539,6.47,94.38,closed,49.230468,-123.016296,18.02,7.01
2025-06-14 05:54:53.661540,4.64,63.92,closed,49.208092,-123.072072,12.28,7.45
2025-06-14 05:49:53.661542,3.88,73.92,closed,49.240298,-123.035712,14.19,1.37
2025-06-14 05:44:53.661543,8.2,93.93,closed,49.217352,-123.030585,15.2,7.39
2025-06-14 05:39:53.661544,5.66,90.29,closed,49.269495,-123.048735,9.99,9.28
2025-06-14 05:34:53.661546,12.58,88.6,closed,49.23461,-123.069469,18.7,14.45
2025-06-14 05:29:53.661547,3.86,69.03,closed,49.297561,-123.078736,12.43,13.13
2025-06-14 05:24:53.661548,5.18,65.98,closed,49.264097,-123.096681,13.86,14.18
2025-06-14 05:19:53.661550,6.17,83.4,closed,49.282248,-123.069605,10.03,0.17
2025-06-14 05:14:53.661551,4.27,92.53,closed,49.213252,-123.034684,2.19,4.35
2025-06-14 05:09:53.661552,6.56,79.49,closed,49.286201,-123.00617,14.04,13.23
2025-06-14 05:04:53.661554,5.1,80.01,closed,49.292276,-123.01288,27.06,9.68
2025-06-14 04:59:53.661555,5.56,69.8,open,49.248706,-123.023394,18.92,0.11
2025-06-14 04:54:53.661556,5.1,86.93,closed,49.260625,-123.021155,14.9,16.09
2025-06-14 04:49:53.661558,8.78,66.55,closed,49.276481,-123.033502,13.69,15.46
2025-06-14 04:44:53.661559,14.15,71.33,open,49.217484,-123.073971,15.11,10.97
2025-06-14 04:39:53.661561,4.41,74.89,closed,49.250257,-123.00928,17.74,1.33
2025-06-14 04:34:53.661573,16.96,77.77,closed,49.239866,-123.032927,9.1,15.33
2025-06-14 04:29:53.661575,4.17,68.48,closed,49.214637,-123.043956,20.57,11.67
2025-06-14 04:24:53.661576,6.31,64.02,open,49.236753,-123.088901,18.58,15.64
2025-06-14 04:19:53.661578,3.06,81.37,closed,49.206817,-123.055294,18.59,15.03
2025-06-14 04:14:53.661579,4.01,70.1,closed,49.202581,-123.053964,17.19,16.06
2025-06-14 04:09:53.661581,6.3,80.34,closed,49.213517,-123.013544,15.1,10.36
2025-06-14 04:04:53.661582,7.11,65.4,closed,49.296312,-123.045335,18.36,2.81
2025-06-14 03:59:53.661584,6.26,76.84,closed,49.254953,-123.06196,17.96,13.42
2025-06-14 03:54:53.661585,5.83,78.64,closed,49.296582,-123.00232,13.23,12.41
2025-06-14 03:49:53.661587,5.55,61.81,open,49.24325,-123.088928,12.13,14.85
2025-06-14 03:44:53.661600,3.78,71.78,open,49.231182,-123.057745,15.51,3.4
2025-06-14 03:39:53.661603,4.92,64.7,closed,49.250614,-123.095798,22.75,3.9
2025-06-14 03:34:53.661605,5.31,62.22,closed,49.243951,-123.02601,8.8,17.81
2025-06-14 03:29:53.661607,7.59,94.65,closed,49.210566,-123.008192,7.66,15.0
2025-06-14 03:24:53.661609,6.52,71.28,closed,49.264083,-123.071996,15.82,18.16
2025-06-14 03:19:53.661612,3.36,88.35,closed,49.221604,-123.014166,15.25,15.17
2025-06-14 03:14:53.661614,6.49,68.91,closed,49.261959,-123.070778,15.87,11.94
2025-06-14 03:09:53.661616,5.42,83.85,closed,49.26502,-123.008923,16.22,13.08
2025-06-14 03:04:53.661620,4.98,86.61,closed,49.215202,-123.024604,13.88,17.78
2025-06-14 02:59:53.661622,6.92,80.85,closed,49.206135,-123.019509,22.45,11.58
2025-06-14 02:54:53.661625,7.55,76.51,closed,49.278076,-123.098199,7.0,12.65
2025-06-14 02:49:53.661628,7.4,74.41,closed,49.24598,-123.003719,10.86,3.13
2025-06-14 02:44:53.661630,4.74,72.21,closed,49.205816,-123.027333,14.48,9.48
2025-06-14 02:39:53.661632,5.54,92.53,closed,49.299487,-123.069525,6.78,14.33
2025-06-14 02:34:53.661634,6.5,89.07,open,49.205778,-123.017061,14.12,5.42
2025-06-14 02:29:53.661637,7.46,93.78,closed,49.269504,-123.071848,23.31,4.05
2025-06-14 02:24:53.661639,5.28,64.35,closed,49.298368,-123.012725,15.1,6.28
2025-06-14 02:19:53.661641,5.72,85.58,closed,49.223918,-123.088742,16.15,4.83
2025-06-14 02:14:53.661644,4.34,92.84,closed,49.214225,-123.029631,8.7,4.3
2025-06-14 02:09:53.661646,4.21,66.34,closed,49.212138,-123.04593,11.92,8.5
2025-06-14 02:04:53.661648,7.22,62.33,closed,49.230328,-123.090347,13.12,18.16
2025-06-14 01:59:53.661661,8.03,85.94,closed,49.210105,-123.075811,13.41,10.14
2025-06-14 01:54:53.661664,5.89,80.11,closed,49.269216,-123.09876,21.41,3.76
2025-06-14 01:49:53.661666,7.51,89.46,closed,49.206229,-123.053123,17.79,1.54
2025-06-14 01:44:53.661669,6.54,64.89,closed,49.250942,-123.069873,9.44,13.92
2025-06-14 01:39:53.661671,5.03,87.83,closed,49.29967,-123.040164,16.23,7.66
2025-06-14 01:34:53.661673,6.54,67.06,closed,49.281397,-123.070276,17.49,16.44
2025-06-14 01:29:53.661674,8.31,65.73,closed,49.261522,-123.070008,20.7,13.19
2025-06-14 01:24:53.661676,5.95,65.75,closed,49.230625,-123.025681,22.9,15.92
2025-06-14 01:19:53.661677,8.35,88.51,closed,49.26239,-123.095186,9.92,5.44
2025-06-14 01:14:53.661678,2.07,83.28,closed,49.252704,-123.009711,10.95,13.85
2025-06-14 01:09:53.661680,7.23,78.31,open,49.242608,-123.014774,8.71,5.28
2025-06-14 01:04:53.661681,6.13,72.56,closed,49.213071,-123.03322,13.83,18.78
2025-06-14 00:59:53.661683,5.55,90.7,closed,49.28866,-123.040678,17.33,12.73
2025-06-14 00:54:53.661685,6.14,73.74,closed,49.244978,-123.01077,19.94,6.49
2025-06-14 00:49:53.661686,3.02,88.58,closed,49.219462,-123.081467,14.62,5.39
2025-06-14 00:44:53.661688,5.67,75.37,closed,49.236776,-123.092103,13.4,3.82
2025-06-14 00:39:53.661689,6.54,73.19,closed,49.241413,-123.076049,15.76,13.89
2025-06-14 00:34:53.661690,8.22,76.19,closed,49.282754,-123.020542,10.82,4.37
2025-06-14 00:29:53.661692,5.22,70.55,closed,49.273361,-123.096533,25.45,11.91
2025-06-14 00:24:53.661693,4.79,86.17,closed,49.27693,-123.041719,6.96,5.29
2025-06-14 00:19:53.661695,5.25,77.6,closed,49.201103,-123.000456,15.92,13.24
2025-06-14 00:14:53.661696,7.37,68.13,closed,49.241615,-123.01443,25.12,16.3
2025-06-14 00:09:53.661697,6.49,91.49,closed,49.248134,-123.047855,15.03,15.56
2025-06-14 00:04:53.661699,5.21,73.44,closed,49.201919,-123.093636,14.05,15.22
2025-06-13 23:59:53.661700,6.77,79.02,open,49.225981,-123.016863,13.21,3.75
2025-06-13 23:54:53.661701,11.82,91.73,closed,49.276029,-123.040102,14.1,1.77
2025-06-13 23:49:53.661703,7.45,81.85,closed,49.213711,-123.088507,21.86,13.98
2025-06-13 23:44:53.661704,4.95,64.09,closed,49.253531,-123.090614,3.94,7.37
2025-06-13 23:39:53.661706,5.51,92.89,closed,49.22152,-123.009037,22.67,8.65
2025-06-13 23:34:53.661707,5.41,81.97,closed,49.201212,-123.03308,7.88,0.62
2025-06-13 23:29:53.661709,3.8,71.72,closed,49.22412,-123.017071,13.67,5.19
2025-06-13 23:24:53.661710,6.44,64.87,closed,49.297587,-123.012102,12.85,0.67
2025-06-13 23:19:53.661711,6.39,87.79,closed,49.280154,-123.042823,17.94,17.58
2025-06-13 23:14:53.661713,6.01,81.7,closed,49.295958,-123.048255,7.01,4.87
2025-06-13 23:09:53.661714,5.65,78.67,closed,49.248785,-123.056957,17.31,11.15
2025-06-13 23:04:53.661716,3.88,91.29,open,49.210974,-123.068305,25.12,0.78
2025-06-13 22:59:53.661717,5.37,87.6,closed,49.254796,-123.05654,8.18,13.34
2025-06-13 22:54:53.661718,5.49,65.31,closed,49.245438,-123.022612,15.95,6.46
2025-06-13 22:49:53.661720,4.8,70.91,closed,49.284436,-123.039808,11.69,17.96
2025-06-13 22:44:53.661721,12.47,68.7,closed,49.209808,-123.010748,17.13,17.76
2025-06-13 22:39:53.661722,6.61,86.04,closed,49.248824,-123.055662,15.1,6.51
2025-06-13 22:34:53.661724,8.83,61.17,open,49.215005,-123.039291,11.79,18.02
2025-06-13 22:29:53.661725,6.26,79.95,open,49.232468,-123.036869,17.44,19.92
2025-06-13 22:24:53.661727,6.39,86.69,closed,49.273736,-123.04083,24.02,16.51
2025-06-13 22:19:53.661728,5.89,90.69,closed,49.247602,-123.029737,14.05,16.9
2025-06-13 22:14:53.661730,3.12,71.97,closed,49.237589,-123.076257,18.6,4.98
2025-06-13 22:09:53.661731,5.96,88.74,closed,49.239448,-123.048764,8.53,11.53
2025-06-13 22:04:53.661732,6.09,63.87,closed,49.245945,-123.089578,10.22,1.35
2025-06-13 21:59:53.661734,9.69,89.63,closed,49.278502,-123.061549,17.36,1.9
2025-06-13 21:54:53.661735,5.71,64.46,closed,49.289208,-123.051233,22.42,19.98
2025-06-13 21:49:53.661737,6.45,73.91,open,49.295533,-123.034778,16.78,6.53
2025-06-13 21:44:53.661738,5.95,87.91,closed,49.27869,-123.004947,13.43,14.96
2025-06-13 21:39:53.661739,4.25,65.25,closed,49.231541,-123.039935,15.0,16.13
2025-06-13 21:34:53.661741,7.71,68.02,closed,49.268813,-123.025641,8.75,17.16
2025-06-13 21:29:53.661749,7.13,85.28,closed,49.24376,-123.049373,18.02,19.95
2025-06-13 21:24:53.661750,7.19,85.2,closed,49.225467,-123.03659,19.41,4.83
2025-06-13 21:19:53.661751,4.64,82.44,closed,49.284087,-123.092907,12.74,0.81
2025-06-13 21:14:53.661753,14.19,84.29,closed,49.203843,-123.074561,12.65,8.22
2025-06-13 21:09:53.661754,3.9,79.0,closed,49.290176,-123.063815,16.33,2.6
2025-06-13 21:04:53.661756,6.88,68.81,closed,49.246148,-123.052751,12.82,0.45
2025-06-13 20:59:53.661757,9.29,72.1,open,49.26372,-123.095435,14.67,7.21
2025-06-13 20:54:53.661758,4.51,66.36,closed,49.265935,-123.085998,25.5,15.67
2025-06-13 20:49:53.661760,5.15,91.8,closed,49.289512,-123.072319,13.76,11.32
2025-06-13 20:44:53.661761,6.15,80.42,open,49.263667,-123.002847,13.21,6.26
2025-06-13 20:39:53.661763,5.24,74.03,closed,49.261393,-123.066865,11.76,13.09
2025-06-13 20:34:53.661765,3.67,76.17,open,49.206665,-123.051796,18.72,4.64
2025-06-13 20:29:53.661766,6.1,93.15,open,49.251841,-123.08039,14.09,0.29
2025-06-13 20:24:53.661767,4.41,65.37,closed,49.215017,-123.038922,11.75,15.29
2025-06-13 20:19:53.661769,6.71,80.52,closed,49.273743,-123.071932,21.61,12.47
2025-06-13 20:14:53.661770,4.62,77.71,closed,49.251222,-123.079301,22.1,15.25
2025-06-13 20:09:53.661771,8.32,81.4,closed,49.268023,-123.048343,12.0,0.78
2025-06-13 20:04:53.661774,4.83,60.63,closed,49.204167,-123.099449,5.67,16.74
2025-06-13 19:59:53.661775,5.52,90.52,closed,49.208479,-123.099234,20.04,12.39
2025-06-13 19:54:53.661777,7.22,92.62,closed,49.271632,-123.078093,11.58,11.27
2025-06-13 19:49:53.661778,4.15,79.78,closed,49.207208,-123.096328,18.95,12.49
2025-06-13 19:44:53.661779,6.34,84.38,closed,49.207126,-123.089197,5.15,17.29
2025-06-13 19:39:53.661781,7.96,92.29,closed,49.201211,-123.066114,19.46,11.74
2025-06-13 19:34:53.661782,3.59,84.75,open,49.29565,-123.019741,8.94,11.62
2025-06-13 19:29:53.661783,6.28,65.34,closed,49.273751,-123.042795,18.65,19.81
2025-06-13 19:24:53.661785,6.39,80.17,open,49.235325,-123.048733,15.07,15.13
2025-06-13 19:19:53.661786,7.17,81.24,closed,49.229654,-123.070651,10.23,8.85
2025-06-13 19:14:53.661788,4.14,74.84,closed,49.23497,-123.006825,12.96,14.15
2025-06-13 19:09:53.661789,4.02,85.78,closed,49.277465,-123.060298,18.43,7.78
2025-06-13 19:04:53.661790,6.78,92.7,closed,49.266137,-123.091291,15.53,4.58
2025-06-13 18:59:53.661792,6.45,92.39,closed,49.21852,-123.038293,17.92,11.94
2025-06-13 18:54:53.661794,6.38,75.78,closed,49.217411,-123.088616,24.88,18.56
2025-06-13 18:49:53.661795,6.52,63.96,closed,49.20984,-123.065478,7.18,18.58
2025-06-13 18:44:53.661797,4.98,94.47,open,49.26603,-123.049259,23.09,6.84
2025-06-13 18:39:53.661798,6.35,89.36,closed,49.276437,-123.012578,15.52,10.55
2025-06-13 18:34:53.661799,6.44,64.36,closed,49.226505,-123.050645,10.51,4.23
2025-06-13 18:29:53.661801,4.93,92.23,closed,49.202094,-123.029774,8.35,19.91
2025-06-13 18:24:53.661802,8.8,90.45,closed,49.208217,-123.000718,14.05,19.62
2025-06-13 18:19:53.661803,6.71,78.16,closed,49.296786,-123.086851,19.61,12.99
2025-06-13 18:14:53.661805,4.21,80.69,closed,49.229544,-123.072527,14.36,16.09
2025-06-13 18:09:53.661806,6.98,73.97,closed,49.276922,-123.060542,22.56,14.3
2025-06-13 18:04:53.661808,4.54,61.92,open,49.262466,-123.057817,7.74,11.86
2025-06-13 17:59:53.661809,7.18,71.73,open,49.238194,-123.058898,14.94,1.07
2025-06-13 17:54:53.661810,7.74,88.1,closed,49.220569,-123.009239,8.74,9.1
2025-06-13 17:49:53.661812,4.77,60.16,closed,49.212139,-123.028597,16.82,13.5
2025-06-13 17:44:53.661813,7.45,71.67,closed,49.261501,-123.039209,19.43,13.55
2025-06-13 17:39:53.661814,6.62,73.94,closed,49.277463,-123.069063,12.9,7.46
2025-06-13 17:34:53.661816,7.23,78.81,closed,49.26439,-123.017621,1.98,18.83
2025-06-13 17:29:53.661817,8.85,92.19,closed,49.25303,-123.004494,15.99,3.35
2025-06-13 17:24:53.661819,5.63,72.12,closed,49.204195,-123.01788,17.18,10.01
2025-06-13 17:19:53.661820,4.87,72.14,closed,49.296849,-123.099843,17.02,13.82
2025-06-13 17:14:53.661821,4.67,85.81,closed,49.279871,-123.03636,21.18,13.94
2025-06-13 17:09:53.661823,4.78,75.83,closed,49.229282,-123.094886,9.64,12.97
2025-06-13 17:04:53.661824,5.88,67.86,closed,49.297997,-123.074239,18.4,5.51
2025-06-13 16:59:53.661826,6.51,75.84,closed,49.260188,-123.094048,20.96,3.12
2025-06-13 16:54:53.661827,6.42,64.93,closed,49.258242,-123.03962,6.11,12.72
2025-06-13 16:49:53.661829,7.24,66.17,closed,49.274807,-123.031341,16.6,11.99
2025-06-13 16:44:53.661830,6.02,77.44,closed,49.281177,-123.088551,12.48,3.59
2025-06-13 16:39:53.661832,8.18,74.66,closed,49.265648,-123.061616,14.59,14.1
2025-06-13 16:34:53.661833,5.6,92.02,closed,49.21281,-123.054376,16.74,9.1
2025-06-13 16:29:53.661835,10.08,72.68,closed,49.233827,-123.063095,12.56,13.36
2025-06-13 16:24:53.661836,6.94,80.32,open,49.292808,-123.087897,11.62,16.75
2025-06-13 16:19:53.661837,4.71,82.13,open,49.222462,-123.058105,15.17,3.39
2025-06-13 16:14:53.661839,4.39,60.46,closed,49.237217,-123.024882,9.56,0.38
2025-06-13 16:09:53.661840,6.72,83.22,closed,49.243208,-123.092899,9.57,15.58
2025-06-13 16:04:53.661842,5.66,66.23,closed,49.24394,-123.091982,18.4,12.19
2025-06-13 15:59:53.661843,7.07,93.64,closed,49.261294,-123.064523,9.26,13.99
2025-06-13 15:54:53.661844,6.71,65.2,closed,49.294308,-123.005827,18.33,16.76
2025-06-13 15:49:53.661846,5.89,74.51,closed,49.224069,-123.033143,17.31,16.06
2025-06-13 15:44:53.661847,10.25,62.99,closed,49.21215,-123.032133,6.37,19.22
2025-06-13 15:39:53.661848,3.73,94.89,closed,49.219747,-123.063808,11.61,10.72
2025-06-13 15:34:53.661850,5.33,77.58,closed,49.288692,-123.040634,20.97,9.77
2025-06-13 15:29:53.661851,15.93,80.84,open,49.264581,-123.098987,10.09,8.04
2025-06-13 15:24:53.661852,6.32,62.35,closed,49.228591,-123.03639,12.68,3.07
2025-06-13 15:19:53.661854,4.13,86.25,closed,49.281595,-123.008671,17.31,11.45
2025-06-13 15:14:53.661855,6.26,67.35,closed,49.286137,-123.038743,18.92,5.54
2025-06-13 15:09:53.661856,6.58,91.43,closed,49.284651,-123.01263,13.74,18.43
2025-06-13 15:04:53.661858,4.67,67.18,closed,49.291893,-123.027603,12.01,11.66
2025-06-13 14:59:53.661859,6.23,66.67,closed,49.225224,-123.087944,22.11,11.86
2025-06-13 14:54:53.661860,6.09,61.28,closed,49.275504,-123.009755,23.69,7.1
2025-06-13 14:49:53.661862,4.29,76.52,closed,49.246054,-123.093356,19.89,1.04
2025-06-13 14:44:53.661863,6.54,79.77,closed,49.2842,-123.046603,15.43,0.63
2025-06-13 14:39:53.661865,6.84,62.3,closed,49.272849,-123.085786,10.96,8.47
2025-06-13 14:34:53.661866,7.62,87.14,closed,49.277645,-123.098829,10.85,1.69
2025-06-13 14:29:53.661868,7.58,75.87,closed,49.265616,-123.057797,17.61,12.14
2025-06-13 14:24:53.661873,3.93,78.35,closed,49.217743,-123.070496,17.09,17.62
2025-06-13 14:19:53.661874,4.59,75.43,closed,49.254503,-123.0514,22.01,17.66
2025-06-13 14:14:53.661876,6.77,74.03,closed,49.298467,-123.04228,18.25,13.18
2025-06-13 14:09:53.661877,6.77,79.59,closed,49.293739,-123.095626,7.48,4.22
2025-06-13 14:04:53.661878,6.77,65.43,closed,49.204317,-123.0877,20.26,17.26
2025-06-13 13:59:53.661880,11.78,66.37,closed,49.216481,-123.044136,10.01,17.72
2025-06-13 13:54:53.661881,6.86,90.16,closed,49.213173,-123.065683,13.08,3.93
2025-06-13 13:49:53.661883,7.7,93.11,closed,49.272598,-123.027083,16.25,14.75
2025-06-13 13:44:53.661884,7.43,73.07,closed,49.281779,-123.034771,24.98,5.73
2025-06-13 13:39:53.661885,6.98,69.48,closed,49.221351,-123.01544,30.55,16.05
2025-06-13 13:34:53.661887,5.53,82.54,closed,49.250585,-123.030751,18.03,19.94
2025-06-13 13:29:53.661888,7.14,74.31,closed,49.28407,-123.057007,14.08,0.6
2025-06-13 13:24:53.661890,4.84,60.89,closed,49.27328,-123.032703,17.67,17.95
2025-06-13 13:19:53.661891,5.64,65.47,closed,49.254224,-123.072462,19.44,12.45
2025-06-13 13:14:53.661892,5.27,85.06,closed,49.259035,-123.069369,13.4,19.47
2025-06-13 13:09:53.661894,6.12,83.06,closed,49.250836,-123.021101,23.98,9.3
2025-06-13 13:04:53.661895,9.47,60.95,closed,49.229755,-123.055358,16.15,16.95
2025-06-13 12:59:53.661897,3.2,67.77,closed,49.256502,-123.020162,17.49,1.25
2025-06-13 12:54:53.661898,7.03,68.09,closed,49.268889,-123.017758,18.33,6.71
2025-06-13 12:49:53.661899,3.58,83.52,closed,49.287332,-123.014244,17.11,1.34
2025-06-13 12:44:53.661901,5.29,60.69,closed,49.263629,-123.008336,19.19,19.51
2025-06-13 12:39:53.661902,7.63,63.64,closed,49.276112,-123.056901,11.91,16.34
2025-06-13 12:34:53.661904,6.1,88.0,closed,49.216007,-123.068113,12.21,17.05
2025-06-13 12:29:53.661905,4.38,66.25,closed,49.246156,-123.04178,9.5,18.76
2025-06-13 12:24:53.661906,4.93,82.85,closed,49.200933,-123.062883,17.2,1.7
2025-06-13 12:19:53.661908,7.02,68.34,closed,49.224668,-123.039893,18.89,7.71
2025-06-13 12:14:53.661909,4.9,63.48,closed,49.272646,-123.029441,17.29,1.42
2025-06-13 12:09:53.661911,6.32,68.51,closed,49.299181,-123.031159,23.37,4.22
2025-06-13 12:04:53.661912,6.07,85.28,closed,49.209918,-123.062545,14.97,4.59
2025-06-13 11:59:53.661914,12.03,89.95,open,49.240149,-123.083314,18.34,9.38
2025-06-13 11:54:53.661915,9.22,89.06,closed,49.280007,-123.056947,9.54,5.37
2025-06-13 11:49:53.661917,6.95,73.9,closed,49.220404,-123.085741,13.06,2.02
2025-06-13 11:44:53.661918,2.96,83.38,closed,49.255508,-123.01099,18.48,3.35
2025-06-13 11:39:53.661920,6.28,67.17,closed,49.273307,-123.065412,19.25,2.95
2025-06-13 11:34:53.661921,5.01,70.26,closed,49.261599,-123.084554,13.53,19.46
2025-06-13 11:29:53.661922,7.28,91.37,closed,49.218802,-123.097455,14.64,15.19
2025-06-13 11:24:53.661924,4.81,60.46,closed,49.235538,-123.035418,7.41,19.36
2025-06-13 11:19:53.661925,5.83,62.99,closed,49.278379,-123.03631,13.21,8.79
2025-06-13 11:14:53.661927,6.76,67.28,closed,49.255423,-123.06594,19.45,5.57
2025-06-13 11:09:53.661928,7.3,60.93,closed,49.200523,-123.092829,17.88,15.97
2025-06-13 11:04:53.661929,4.2,66.35,open,49.276099,-123.059037,17.5,6.53
2025-06-13 10:59:53.661931,5.5,80.41,closed,49.203531,-123.068878,15.25,5.99
2025-06-13 10:54:53.661932,5.29,74.75,closed,49.274573,-123.032288,15.04,4.65
2025-06-13 10:49:53.661933,5.02,91.24,closed,49.220248,-123.039422,11.7,2.59
2025-06-13 10:44:53.661935,8.65,88.61,closed,49.295807,-123.063541,18.49,5.13
2025-06-13 10:39:53.661936,6.61,71.96,closed,49.236794,-123.078211,17.1,7.11
2025-06-13 10:34:53.661938,4.11,69.08,closed,49.232693,-123.001196,17.46,13.48
2025-06-13 10:29:53.661939,7.38,73.29,closed,49.214889,-123.0546,12.37,1.25
2025-06-13 10:24:53.661940,9.18,80.66,closed,49.23056,-123.031173,4.23,4.21
2025-06-13 10:19:53.661942,14.17,69.38,closed,49.287665,-123.085945,20.49,16.18
2025-06-13 10:14:53.661943,3.72,81.85,closed,49.299633,-123.051441,12.61,2.94
2025-06-13 10:09:53.661945,5.27,74.33,open,49.236831,-123.097246,10.69,6.85
2025-06-13 10:04:53.661946,7.9,79.32,closed,49.244861,-123.049454,18.47,17.29
2025-06-13 09:59:53.661947,4.94,75.26,closed,49.272207,-123.003598,13.04,3.1
2025-06-13 09:54:53.661949,6.67,70.31,open,49.28862,-123.061579,20.3,1.65
2025-06-13 09:49:53.661950,7.16,93.2,closed,49.259304,-123.0961,18.09,9.69
2025-06-13 09:44:53.661952,4.61,86.73,closed,49.239153,-123.096904,18.42,6.05
2025-06-13 09:39:53.661953,5.91,64.9,closed,49.241262,-123.061201,8.17,11.27
2025-06-13 09:34:53.661954,7.5,90.4,closed,49.269562,-123.083998,21.06,16.08
2025-06-13 09:29:53.661956,4.46,77.06,closed,49.200322,-123.097665,16.31,2.74
2025-06-13 09:24:53.661957,5.62,91.31,open,49.261959,-123.024379,13.15,11.61
2025-06-13 09:19:53.661959,4.13,87.99,closed,49.235549,-123.054148,15.72,10.11
2025-06-13 09:14:53.661960,8.45,74.88,closed,49.27942,-123.071076,6.12,2.88
2025-06-13 09:09:53.661961,3.85,60.79,closed,49.209299,-123.009992,17.04,12.48
2025-06-13 09:04:53.661963,5.34,69.4,open,49.25882,-123.088386,9.85,5.47
2025-06-13 08:59:53.661964,6.2,78.96,closed,49.248097,-123.004408,8.24,9.76
2025-06-13 08:54:53.661966,8.16,82.17,closed,49.264233,-123.068603,7.39,1.65
2025-06-13 08:49:53.661968,3.85,69.03,closed,49.206485,-123.01116,20.56,9.19
2025-06-13 08:44:53.661970,7.74,64.88,closed,49.257998,-123.039706,11.85,6.13
2025-06-13 08:39:53.661973,6.02,89.22,closed,49.256148,-123.017329,22.67,16.45
2025-06-13 08:34:53.661975,4.53,94.45,closed,49.256066,-123.001599,12.32,1.14
2025-06-13 08:29:53.661977,6.69,78.4,closed,49.260349,-123.071159,6.46,8.37
2025-06-13 08:24:53.661979,6.3,66.01,closed,49.267647,-123.003886,9.42,9.17
2025-06-13 08:19:53.661982,5.1,69.53,open,49.280499,-123.061052,21.18,14.5
2025-06-13 08:14:53.661985,6.1,60.64,closed,49.226982,-123.061449,14.22,11.49
2025-06-13 08:09:53.661988,5.42,92.0,closed,49.282505,-123.065961,12.26,13.34
2025-06-13 08:04:53.661990,6.17,64.12,closed,49.249826,-123.045859,15.8,15.54
2025-06-13 07:59:53.661993,6.99,80.18,closed,49.207706,-123.084585,17.51,17.24
2025-06-13 07:54:53.661995,8.38,69.59,closed,49.205855,-123.044629,20.59,6.28
2025-06-13 07:49:53.661997,4.14,79.4,open,49.233424,-123.04583,22.24,10.76
2025-06-13 07:44:53.662000,9.2,82.8,closed,49.27849,-123.02381,13.2,16.8
2025-06-13 07:39:53.662002,3.07,89.04,closed,49.270768,-123.016635,8.37,19.79
2025-06-13 07:34:53.662005,5.77,67.22,closed,49.278861,-123.055956,12.93,17.79
2025-06-13 07:29:53.662007,6.88,60.38,closed,49.251727,-123.069767,16.3,7.43
2025-06-13 07:24:53.662009,6.42,64.79,closed,49.24402,-123.074067,10.18,3.9
2025-06-13 07:19:53.662011,5.07,91.5,closed,49.214745,-123.080538,10.21,9.79
2025-06-13 07:14:53.662020,5.69,90.59,closed,49.232819,-123.094235,16.72,14.83
2025-06-13 07:09:53.662023,5.26,80.91,closed,49.243402,-123.065755,14.76,9.85
2025-06-13 07:04:53.662026,5.12,81.02,closed,49.20886,-123.072975,15.16,9.66
2025-06-13 06:59:53.662028,7.27,83.28,closed,49.222061,-123.003358,11.21,16.76
2025-06-13 06:54:53.662030,15.69,66.14,closed,49.259823,-123.044229,13.85,7.23
2025-06-13 06:49:53.662033,4.96,92.0,closed,49.273566,-123.065272,10.38,17.2
2025-06-13 06:44:53.662036,7.35,74.66,open,49.299835,-123.041953,19.45,8.14
2025-06-13 06:39:53.662038,6.46,73.41,closed,49.293311,-123.08608,20.18,6.56
2025-06-13 06:34:53.662040,7.22,78.16,closed,49.264257,-123.055596,5.77,9.08
2025-06-13 06:29:53.662043,6.94,61.64,closed,49.242125,-123.037377,10.35,15.25
2025-06-13 06:24:53.662045,4.76,65.82,closed,49.263618,-123.05111,7.52,2.52
2025-06-13 06:19:53.662048,13.54,85.83,closed,49.278565,-123.059822,11.75,3.93
2025-06-13 06:14:53.662050,7.12,62.9,closed,49.211834,-123.000615,14.58,19.03
2025-06-13 06:09:53.662051,6.92,81.11,closed,49.24099,-123.011969,7.75,3.51
2025-06-13 06:04:53.662052,5.97,68.59,closed,49.28398,-123.037659,10.39,11.35
2025-06-13 05:59:53.662054,6.18,73.63,closed,49.238383,-123.043062,9.98,11.59
2025-06-13 05:54:53.662055,7.92,70.1,closed,49.257187,-123.037934,16.04,9.79
2025-06-13 05:49:53.662056,5.11,72.45,open,49.258777,-123.079869,15.35,12.89
2025-06-13 05:44:53.662058,6.82,85.17,closed,49.218448,-123.060486,11.39,4.6
2025-06-13 05:39:53.662060,5.7,70.4,closed,49.236224,-123.096054,15.88,11.05
2025-06-13 05:34:53.662061,5.67,79.82,closed,49.233451,-123.052445,12.27,7.44
2025-06-13 05:29:53.662063,7.65,76.66,closed,49.20262,-123.045698,13.64,13.23
2025-06-13 05:24:53.662064,7.24,83.23,closed,49.202419,-123.077225,23.37,2.82
2025-06-13 05:19:53.662065,7.22,92.79,closed,49.28317,-123.003597,21.7,11.42
2025-06-13 05:14:53.662067,7.96,85.64,closed,49.227307,-123.009055,8.5,3.71
2025-06-13 05:09:53.662068,14.34,67.52,closed,49.251808,-123.027786,19.15,5.57
2025-06-13 05:04:53.662070,7.02,61.09,closed,49.229873,-123.046661,19.06,4.37
2025-06-13 04:59:53.662071,5.53,69.18,closed,49.294068,-123.013003,9.26,3.66
2025-06-13 04:54:53.662072,6.49,80.83,closed,49.22593,-123.086935,19.09,16.51
2025-06-13 04:49:53.662074,5.8,61.8,closed,49.242966,-123.020949,22.69,5.71
2025-06-13 04:44:53.662076,6.15,77.37,closed,49.287273,-123.087518,9.39,18.54
2025-06-13 04:39:53.662077,6.89,80.89,closed,49.284193,-123.020579,10.41,19.4
2025-06-13 04:34:53.662078,4.77,71.7,closed,49.21861,-123.072423,20.09,11.43
2025-06-13 04:29:53.662080,9.14,86.98,closed,49.280264,-123.012291,16.36,2.86
2025-06-13 04:24:53.662081,4.49,63.73,closed,49.245819,-123.005596,17.76,7.49
2025-06-13 04:19:53.662082,4.18,62.63,open,49.248297,-123.08512,16.7,15.95
2025-06-13 04:14:53.662084,7.74,85.49,closed,49.213348,-123.053732,16.95,7.35
2025-06-13 04:09:53.662085,7.19,77.34,closed,49.20806,-123.001901,8.37,1.74
2025-06-13 04:04:53.662086,6.94,84.09,closed,49.272794,-123.051659,20.24,11.14
2025-06-13 03:59:53.662088,6.94,75.22,closed,49.249646,-123.013645,20.85,16.9
2025-06-13 03:54:53.662089,5.98,68.62,closed,49.243685,-123.041127,13.85,15.92
2025-06-13 03:49:53.662090,4.65,88.67,closed,49.272951,-123.062467,14.78,3.5
2025-06-13 03:44:53.662092,6.11,87.98,closed,49.276551,-123.071422,7.34,13.46
2025-06-13 03:39:53.662093,4.98,84.31,closed,49.215891,-123.079678,17.57,4.41
2025-06-13 03:34:53.662094,7.46,69.53,closed,49.261023,-123.02382,17.86,4.36
2025-06-13 03:29:53.662096,5.78,80.66,open,49.213535,-123.061346,14.69,17.48
2025-06-13 03:24:53.662097,4.76,72.63,closed,49.275138,-123.048872,20.62,4.99
2025-06-13 03:19:53.662099,5.52,63.21,closed,49.265696,-123.050767,13.33,5.26
2025-06-13 03:14:53.662100,6.62,92.11,closed,49.295661,-123.042272,17.82,0.01
2025-06-13 03:09:53.662101,5.15,64.79,closed,49.206896,-123.013442,9.9,17.41
2025-06-13 03:04:53.662103,13.09,93.26,closed,49.205705,-123.001926,14.88,15.85
2025-06-13 02:59:53.662104,6.37,75.61,closed,49.228219,-123.059242,14.13,12.55
2025-06-13 02:54:53.662105,14.33,66.48,closed,49.226171,-123.017248,16.13,15.01
2025-06-13 02:49:53.662107,5.24,78.97,closed,49.224698,-123.023547,13.15,3.04
2025-06-13 02:44:53.662108,5.29,90.55,open,49.290625,-123.042647,14.34,9.17
2025-06-13 02:39:53.662109,6.35,85.63,closed,49.224955,-123.004395,19.13,7.02
2025-06-13 02:34:53.662111,3.83,88.23,closed,49.227195,-123.079953,12.82,1.88
2025-06-13 02:29:53.662112,3.89,83.06,closed,49.27594,-123.089074,6.97,9.72
2025-06-13 02:24:53.662113,4.92,84.23,closed,49.244974,-123.014604,23.75,18.41
2025-06-13 02:19:53.662115,5.68,89.72,closed,49.277671,-123.056085,21.91,0.8
2025-06-13 02:14:53.662116,6.47,68.74,closed,49.206537,-123.015303,8.54,5.83
2025-06-13 02:09:53.662118,8.21,77.13,closed,49.248757,-123.010691,18.45,4.15
2025-06-13 02:04:53.662120,7.29,67.74,closed,49.203361,-123.093754,12.49,4.76
2025-06-13 01:59:53.662123,5.76,94.57,closed,49.206265,-123.011654,16.32,18.17
2025-06-13 01:54:53.662125,5.97,93.04,closed,49.290644,-123.055168,16.47,9.36
2025-06-13 01:49:53.662127,4.5,61.38,open,49.213925,-123.048957,13.83,9.33
2025-06-13 01:44:53.662130,5.97,84.7,closed,49.253242,-123.037341,11.08,15.21
2025-06-13 01:39:53.662132,5.57,92.38,open,49.24111,-123.007362,11.55,3.09
2025-06-13 01:34:53.662134,6.48,66.32,closed,49.234734,-123.098088,10.42,9.75
2025-06-13 01:29:53.662136,4.76,79.88,closed,49.289983,-123.052316,10.84,8.6
2025-06-13 01:24:53.662139,6.78,92.04,closed,49.202182,-123.031228,14.66,11.94
2025-06-13 01:19:53.662141,8.3,61.19,closed,49.266379,-123.027729,11.42,19.99
2025-06-13 01:14:53.662143,5.84,84.41,open,49.296339,-123.030747,18.41,15.39
2025-06-13 01:09:53.662145,6.6,70.41,closed,49.256017,-123.086556,22.44,7.96
2025-06-13 01:04:53.662146,7.04,92.35,closed,49.293682,-123.07006,12.1,16.55
2025-06-13 00:59:53.662147,5.4,93.99,closed,49.205226,-123.064128,16.2,3.41
2025-06-13 00:54:53.662149,6.34,93.05,closed,49.241879,-123.019556,17.5,0.61
2025-06-13 00:49:53.662150,6.02,76.6,closed,49.226016,-123.072124,17.36,4.09
2025-06-13 00:44:53.662151,6.15,90.17,closed,49.273082,-123.07893,15.38,6.81
2025-06-13 00:39:53.662153,4.84,89.56,closed,49.29813,-123.004255,18.71,10.21
2025-06-13 00:34:53.662154,6.04,71.17,closed,49.225653,-123.099114,17.41,12.3
2025-06-13 00:29:53.662155,6.75,89.01,closed,49.265417,-123.000218,8.81,18.21
2025-06-13 00:24:53.662157,8.18,61.3,closed,49.21981,-123.032318,19.35,10.2
2025-06-13 00:19:53.662158,7.44,80.87,closed,49.256533,-123.017153,19.44,10.03
2025-06-13 00:14:53.662160,9.23,68.05,closed,49.246393,-123.070538,11.18,1.0
2025-06-13 00:09:53.662165,4.85,64.22,closed,49.297201,-123.098568,15.19,0.7
2025-06-13 00:04:53.662167,7.31,62.69,closed,49.260853,-123.026213,18.42,11.02
2025-06-12 23:59:53.662168,6.28,84.37,closed,49.234951,-123.016586,13.95,8.76
2025-06-12 23:54:53.662170,9.28,71.9,closed,49.21141,-123.025952,20.36,16.78
2025-06-12 23:49:53.662171,4.79,85.37,closed,49.215125,-123.085715,26.82,3.21
2025-06-12 23:44:53.662174,4.74,62.29,closed,49.222532,-123.024657,11.07,0.5
2025-06-12 23:39:53.662175,5.1,71.04,closed,49.225097,-123.023108,8.09,8.98
2025-06-12 23:34:53.662176,8.29,78.88,closed,49.285062,-123.034146,16.52,4.75
2025-06-12 23:29:53.662178,5.21,87.68,closed,49.256122,-123.023388,18.61,0.99
2025-06-12 23:24:53.662179,4.86,71.16,closed,49.252339,-123.015408,13.85,14.49
2025-06-12 23:19:53.662181,6.23,81.91,closed,49.211477,-123.03864,22.27,2.23
2025-06-12 23:14:53.662182,6.51,91.01,closed,49.286014,-123.09114,8.31,12.17
2025-06-12 23:09:53.662183,8.81,81.56,closed,49.272281,-123.051237,18.46,5.62
2025-06-12 23:04:53.662185,7.43,68.15,closed,49.206767,-123.092235,11.97,3.47
2025-06-12 22:59:53.662186,5.13,60.85,closed,49.270784,-123.059246,23.6,7.6
2025-06-12 22:54:53.662188,4.65,90.45,open,49.254354,-123.059289,24.96,16.03
2025-06-12 22:49:53.662189,6.74,60.74,closed,49.208173,-123.093399,11.17,7.84
2025-06-12 22:44:53.662190,9.1,90.61,closed,49.24583,-123.065118,12.25,15.02
2025-06-12 22:39:53.662192,8.75,78.51,closed,49.24847,-123.0889,19.3,2.51
2025-06-12 22:34:53.662193,15.55,92.87,closed,49.216577,-123.019176,13.06,15.46
2025-06-12 22:29:53.662195,5.3,87.96,closed,49.29457,-123.005231,14.77,4.74
2025-06-12 22:24:53.662196,3.43,94.93,closed,49.284998,-123.092768,15.13,13.55
2025-06-12 22:19:53.662197,8.03,72.27,closed,49.266902,-123.004488,5.4,11.32
2025-06-12 22:14:53.662199,5.83,86.85,closed,49.24623,-123.047742,14.93,18.58
2025-06-12 22:09:53.662200,7.86,74.07,closed,49.241177,-123.070043,11.55,7.75
2025-06-12 22:04:53.662202,3.61,76.8,closed,49.265097,-123.092314,12.53,1.32
2025-06-12 21:59:53.662207,5.1,81.96,closed,49.254543,-123.049938,22.22,0.38
2025-06-12 21:54:53.662209,6.01,90.58,closed,49.206227,-123.020548,8.72,16.54
2025-06-12 21:49:53.662211,6.07,94.44,closed,49.25125,-123.029291,19.07,10.49
2025-06-12 21:44:53.662212,5.32,86.89,closed,49.28064,-123.094977,13.61,15.5
2025-06-12 21:39:53.662214,6.93,74.62,closed,49.245924,-123.09271,13.6,4.69
2025-06-12 21:34:53.662215,4.4,74.75,closed,49.205196,-123.059713,18.95,6.9
2025-06-12 21:29:53.662217,5.79,85.82,closed,49.278628,-123.070471,16.7,0.6
2025-06-12 21:24:53.662218,6.18,68.36,closed,49.220136,-123.076762,17.85,19.23
2025-06-12 21:19:53.662219,6.77,63.87,open,49.225862,-123.0719,19.84,13.36
2025-06-12 21:14:53.662221,7.07,72.41,closed,49.216471,-123.019652,13.34,18.66
2025-06-12 21:09:53.662222,4.31,70.05,closed,49.233022,-123.007077,11.94,5.31
2025-06-12 21:04:53.662223,3.7,70.37,closed,49.275675,-123.05949,9.57,12.23
2025-06-12 20:59:53.662225,7.92,68.18,closed,49.251939,-123.009389,10.87,13.57
2025-06-12 20:54:53.662226,6.5,61.47,closed,49.220488,-123.06785,29.75,6.35
2025-06-12 20:49:53.662227,4.88,60.63,closed,49.287783,-123.052356,21.22,16.96
2025-06-12 20:44:53.662229,8.33,94.57,closed,49.287958,-123.077397,8.24,18.94
2025-06-12 20:39:53.662230,6.17,74.97,open,49.287058,-123.035952,8.39,17.7
2025-06-12 20:34:53.662231,7.77,73.45,open,49.22388,-123.002102,17.41,14.78
2025-06-12 20:29:53.662233,6.1,83.79,closed,49.245124,-123.039651,17.74,5.55
2025-06-12 20:24:53.662234,9.09,67.64,closed,49.298499,-123.064219,17.74,5.63
2025-06-12 20:19:53.662235,8.63,93.25,closed,49.277201,-123.035218,13.73,19.27
2025-06-12 20:14:53.662237,5.63,87.52,closed,49.202717,-123.087708,14.37,0.21
2025-06-12 20:09:53.662238,7.46,63.13,closed,49.20652,-123.011134,16.64,14.32
2025-06-12 20:04:53.662239,6.97,74.62,closed,49.246393,-123.049692,15.43,14.12
2025-06-12 19:59:53.662241,8.05,90.77,closed,49.290922,-123.055065,3.9,12.45
2025-06-12 19:54:53.662242,4.55,93.07,closed,49.25387,-123.041414,13.85,19.8
2025-06-12 19:49:53.662244,7.03,76.36,closed,49.249781,-123.037522,10.74,6.24
2025-06-12 19:44:53.662245,7.59,81.47,closed,49.210547,-123.092822,15.88,6.8
2025-06-12 19:39:53.662246,8.37,65.85,closed,49.265678,-123.031738,29.93,1.58
2025-06-12 19:34:53.662248,4.23,94.69,closed,49.28221,-123.075807,16.84,8.86
2025-06-12 19:29:53.662249,2.94,68.11,closed,49.238042,-123.028605,13.43,5.22
2025-06-12 19:24:53.662250,5.6,93.0,closed,49.277561,-123.017747,19.61,6.87
2025-06-12 19:19:53.662252,7.08,82.74,closed,49.296448,-123.019604,17.41,16.69
2025-06-12 19:14:53.662253,8.25,81.27,closed,49.220377,-123.04475,17.1,18.71
2025-06-12 19:09:53.662254,6.11,77.94,closed,49.252333,-123.047983,18.03,3.71
2025-06-12 19:04:53.662256,8.44,68.07,closed,49.228714,-123.085712,25.28,7.45
2025-06-12 18:59:53.662257,3.93,66.18,closed,49.279285,-123.022465,9.35,18.57
2025-06-12 18:54:53.662259,3.44,67.72,closed,49.257759,-123.072859,17.37,1.24
2025-06-12 18:49:53.662260,5.92,66.53,open,49.263458,-123.05033,10.37,1.85
2025-06-12 18:44:53.662261,6.58,87.29,open,49.279791,-123.071573,17.78,3.26
2025-06-12 18:39:53.662263,5.95,72.25,closed,49.239597,-123.086617,10.41,11.9
2025-06-12 18:34:53.662265,2.9,62.02,closed,49.291509,-123.037044,12.91,3.01
2025-06-12 18:29:53.662267,5.87,93.92,closed,49.253303,-123.094567,13.52,19.36
2025-06-12 18:24:53.662270,4.04,90.93,closed,49.215795,-123.025135,19.88,8.93
2025-06-12 18:19:53.662272,7.0,92.47,closed,49.26959,-123.068241,19.59,10.03
2025-06-12 18:14:53.662274,6.55,94.82,open,49.279326,-123.099987,8.77,4.93
2025-06-12 18:09:53.662276,4.59,66.09,closed,49.231676,-123.048887,15.27,9.42
2025-06-12 18:04:53.662278,5.23,73.87,open,49.285718,-123.095315,11.45,13.24
2025-06-12 17:59:53.662280,4.41,86.54,closed,49.290614,-123.072383,8.71,15.02
2025-06-12 17:54:53.662282,5.91,84.36,closed,49.22769,-123.029302,13.91,15.08
2025-06-12 17:49:53.662285,7.43,65.39,closed,49.298352,-123.093731,13.46,11.56
2025-06-12 17:44:53.662287,4.52,88.55,closed,49.214071,-123.016066,27.13,18.09
2025-06-12 17:39:53.662289,6.76,67.86,closed,49.220202,-123.099618,17.16,16.35
2025-06-12 17:34:53.662291,14.1,67.83,closed,49.218422,-123.075318,8.11,15.14
2025-06-12 17:29:53.662294,4.81,78.79,closed,49.289399,-123.02591,12.18,1.11
2025-06-12 17:24:53.662296,5.84,80.75,closed,49.265429,-123.068373,20.11,0.14
2025-06-12 17:19:53.662301,4.45,80.3,closed,49.21521,-123.089811,25.44,4.25
2025-06-12 17:14:53.662304,5.17,63.2,closed,49.244032,-123.063977,7.07,13.27
2025-06-12 17:09:53.662306,12.6,90.71,closed,49.26153,-123.072961,5.6,8.22
2025-06-12 17:04:53.662315,8.95,69.3,closed,49.208346,-123.015729,24.35,8.05
2025-06-12 16:59:53.662317,6.05,64.53,closed,49.288242,-123.068665,16.95,17.69
2025-06-12 16:54:53.662319,4.95,91.11,closed,49.28036,-123.021107,10.66,17.91
2025-06-12 16:49:53.662322,15.91,93.45,open,49.250521,-123.010813,17.67,18.18
2025-06-12 16:44:53.662324,5.83,90.17,closed,49.296713,-123.056618,1.82,6.28
2025-06-12 16:39:53.662327,5.67,88.33,closed,49.241776,-123.009006,15.02,13.82
2025-06-12 16:34:53.662330,6.92,82.93,closed,49.298411,-123.062268,16.64,5.43
2025-06-12 16:29:53.662332,7.14,79.28,closed,49.266792,-123.003592,19.62,3.81
2025-06-12 16:24:53.662335,5.2,63.04,closed,49.263467,-123.091071,9.93,3.69
2025-06-12 16:19:53.662337,5.14,74.3,closed,49.216595,-123.031298,15.43,6.84
2025-06-12 16:14:53.662340,5.59,73.04,open,49.288193,-123.050619,10.37,8.6
2025-06-12 16:09:53.662342,2.55,69.09,closed,49.242749,-123.061235,16.28,16.62
2025-06-12 16:04:53.662345,3.73,85.32,closed,49.216223,-123.036729,10.52,2.4
2025-06-12 15:59:53.662347,8.05,77.36,closed,49.201261,-123.029614,12.96,14.7
2025-06-12 15:54:53.662350,8.47,62.84,closed,49.255976,-123.099564,10.02,10.63
2025-06-12 15:49:53.662352,5.63,67.71,closed,49.25274,-123.083305,18.26,5.76
2025-06-12 15:44:53.662355,6.86,83.91,closed,49.271935,-123.028695,19.29,9.86
2025-06-12 15:39:53.662358,6.47,62.66,closed,49.289026,-123.033361,13.83,6.0
2025-06-12 15:34:53.662361,10.62,89.79,closed,49.207941,-123.003395,15.19,11.92
2025-06-12 15:29:53.662364,7.68,77.33,closed,49.27315,-123.023896,7.76,8.68
2025-06-12 15:24:53.662366,5.81,76.82,closed,49.218741,-123.004923,13.5,3.29
2025-06-12 15:19:53.662369,4.57,80.73,closed,49.285818,-123.029746,14.75,2.33
2025-06-12 15:14:53.662372,3.59,88.86,closed,49.281906,-123.070195,28.1,10.93
2025-06-12 15:09:53.662374,6.31,72.17,closed,49.254079,-123.089464,9.44,18.05
2025-06-12 15:04:53.662377,4.87,83.73,closed,49.271024,-123.021818,22.32,6.88
2025-06-12 14:59:53.662380,3.87,79.8,closed,49.231435,-123.035585,19.98,14.66
2025-06-12 14:54:53.662382,5.03,69.35,open,49.247117,-123.095181,16.4,13.17
2025-06-12 14:49:53.662385,4.38,90.75,closed,49.282164,-123.063995,23.79,18.63
2025-06-12 14:44:53.662387,8.53,87.91,closed,49.245927,-123.00432,16.86,16.42
2025-06-12 14:39:53.662390,7.32,83.05,closed,49.23578,-123.04996,16.95,11.33
2025-06-12 14:34:53.662392,5.99,89.77,closed,49.249421,-123.056727,14.73,13.14
2025-06-12 14:29:53.662395,16.86,90.36,closed,49.282825,-123.05423,21.12,17.97
2025-06-12 14:24:53.662397,6.12,84.79,open,49.233521,-123.079112,20.48,7.99
2025-06-12 14:19:53.662399,4.71,89.3,closed,49.217376,-123.063129,11.87,6.54
2025-06-12 14:14:53.662402,8.28,84.41,closed,49.271201,-123.063019,8.4,0.22
2025-06-12 14:09:53.662404,6.81,83.8,closed,49.282598,-123.094764,13.99,16.53
2025-06-12 14:04:53.662406,12.69,81.65,open,49.210064,-123.023243,11.0,16.02
2025-06-12 13:59:53.662409,5.71,86.35,closed,49.223987,-123.05835,14.68,2.09
2025-06-12 13:54:53.662411,4.69,65.55,closed,49.214197,-123.017782,21.19,11.54
2025-06-12 13:49:53.662413,3.93,90.83,closed,49.234794,-123.014965,12.71,9.28
